trial_1_r,trial_1_theta,trial_2_r,trial_2_theta
15.1,0,10.48804392,0
14.8,22.5,8.2721,22.5
14.8,45,7.918478576,45
15.2,67.5,6.821,67.5
15.4,90,5.20182736,90
13.8,112.5,5.01121,112.5
12.3,135,4.912,135
14.7,157.5,4.7812,157.5
14.8,180,4.277669043,180
15.1,202.5,4.87621,202.5
14.7,225,5.041912303,225
14.91,247.5,5.1098,247.5
15,270,5.789947719,270
14.87,292.5,6.8721,292.5
13.7,315,8.566388078,315
11.982,337.5,8.9124,337.5
15,360,10.1204,360